{'0': {'precision': 0.6923076923076923, 'recall': 0.6923076923076923, 'f1-score': 0.6923076923076923, 'support': 13.0}, '1': {'precision': 0.2857142857142857, 'recall': 0.2857142857142857, 'f1-score': 0.2857142857142857, 'support': 7.0}, '2': {'precision': 0.5454545454545454, 'recall': 0.5454545454545454, 'f1-score': 0.5454545454545454, 'support': 11.0}, 'accuracy': 0.5483870967741935, 'macro avg': {'precision': 0.5078255078255078, 'recall': 0.5078255078255078, 'f1-score': 0.5078255078255078, 'support': 31.0}, 'weighted avg': {'precision': 0.5483870967741935, 'recall': 0.5483870967741935, 'f1-score': 0.5483870967741935, 'support': 31.0}}[[9 1 3]
 [3 2 2]
 [1 4 6]]{'0': {'precision': 0.6153846153846154, 'recall': 0.6153846153846154, 'f1-score': 0.6153846153846154, 'support': 13.0}, '1': {'precision': 0.2, 'recall': 0.14285714285714285, 'f1-score': 0.16666666666666666, 'support': 7.0}, '2': {'precision': 0.6153846153846154, 'recall': 0.7272727272727273, 'f1-score': 0.6666666666666666, 'support': 11.0}, 'accuracy': 0.5483870967741935, 'macro avg': {'precision': 0.47692307692307695, 'recall': 0.49517149517149517, 'f1-score': 0.4829059829059829, 'support': 31.0}, 'weighted avg': {'precision': 0.5215880893300249, 'recall': 0.5483870967741935, 'f1-score': 0.532258064516129, 'support': 31.0}}[[8 2 3]
 [4 1 2]
 [1 2 8]]{'0': {'precision': 0.6153846153846154, 'recall': 0.6153846153846154, 'f1-score': 0.6153846153846154, 'support': 13.0}, '1': {'precision': 0.16666666666666666, 'recall': 0.14285714285714285, 'f1-score': 0.15384615384615385, 'support': 7.0}, '2': {'precision': 0.5833333333333334, 'recall': 0.6363636363636364, 'f1-score': 0.6086956521739131, 'support': 11.0}, 'accuracy': 0.5161290322580645, 'macro avg': {'precision': 0.4551282051282051, 'recall': 0.46486846486846484, 'f1-score': 0.4593088071348941, 'support': 31.0}, 'weighted avg': {'precision': 0.5026881720430108, 'recall': 0.5161290322580645, 'f1-score': 0.5087927500269716, 'support': 31.0}}[[8 2 3]
 [4 1 2]
 [1 3 7]]{'0': {'precision': 0.6666666666666666, 'recall': 0.6153846153846154, 'f1-score': 0.64, 'support': 13.0}, '1': {'precision': 0.3333333333333333, 'recall': 0.2857142857142857, 'f1-score': 0.3076923076923077, 'support': 7.0}, '2': {'precision': 0.6153846153846154, 'recall': 0.7272727272727273, 'f1-score': 0.6666666666666666, 'support': 11.0}, 'accuracy': 0.5806451612903226, 'macro avg': {'precision': 0.5384615384615384, 'recall': 0.5427905427905428, 'f1-score': 0.5381196581196581, 'support': 31.0}, 'weighted avg': {'precision': 0.5732009925558313, 'recall': 0.5806451612903226, 'f1-score': 0.5744251447477253, 'support': 31.0}}[[8 2 3]
 [3 2 2]
 [1 2 8]]{'0': {'precision': 0.7272727272727273, 'recall': 0.6153846153846154, 'f1-score': 0.6666666666666666, 'support': 13.0}, '1': {'precision': 0.3333333333333333, 'recall': 0.2857142857142857, 'f1-score': 0.3076923076923077, 'support': 7.0}, '2': {'precision': 0.5714285714285714, 'recall': 0.7272727272727273, 'f1-score': 0.64, 'support': 11.0}, 'accuracy': 0.5806451612903226, 'macro avg': {'precision': 0.544011544011544, 'recall': 0.5427905427905428, 'f1-score': 0.5381196581196581, 'support': 31.0}, 'weighted avg': {'precision': 0.5830191314062282, 'recall': 0.5806451612903226, 'f1-score': 0.5761455748552523, 'support': 31.0}}[[8 2 3]
 [2 2 3]
 [1 2 8]]{'0': {'precision': 0.7272727272727273, 'recall': 0.6153846153846154, 'f1-score': 0.6666666666666666, 'support': 13.0}, '1': {'precision': 0.2, 'recall': 0.14285714285714285, 'f1-score': 0.16666666666666666, 'support': 7.0}, '2': {'precision': 0.5333333333333333, 'recall': 0.7272727272727273, 'f1-score': 0.6153846153846154, 'support': 11.0}, 'accuracy': 0.5483870967741935, 'macro avg': {'precision': 0.48686868686868684, 'recall': 0.49517149517149517, 'f1-score': 0.4829059829059829, 'support': 31.0}, 'weighted avg': {'precision': 0.5393939393939394, 'recall': 0.5483870967741935, 'f1-score': 0.5355665839536807, 'support': 31.0}}[[8 2 3]
 [2 1 4]
 [1 2 8]]{'0': {'precision': 0.6666666666666666, 'recall': 0.6153846153846154, 'f1-score': 0.64, 'support': 13.0}, '1': {'precision': 0.3333333333333333, 'recall': 0.2857142857142857, 'f1-score': 0.3076923076923077, 'support': 7.0}, '2': {'precision': 0.6153846153846154, 'recall': 0.7272727272727273, 'f1-score': 0.6666666666666666, 'support': 11.0}, 'accuracy': 0.5806451612903226, 'macro avg': {'precision': 0.5384615384615384, 'recall': 0.5427905427905428, 'f1-score': 0.5381196581196581, 'support': 31.0}, 'weighted avg': {'precision': 0.5732009925558313, 'recall': 0.5806451612903226, 'f1-score': 0.5744251447477253, 'support': 31.0}}[[8 2 3]
 [3 2 2]
 [1 2 8]]{'0': {'precision': 0.6153846153846154, 'recall': 0.6153846153846154, 'f1-score': 0.6153846153846154, 'support': 13.0}, '1': {'precision': 0.2857142857142857, 'recall': 0.2857142857142857, 'f1-score': 0.2857142857142857, 'support': 7.0}, '2': {'precision': 0.6363636363636364, 'recall': 0.6363636363636364, 'f1-score': 0.6363636363636364, 'support': 11.0}, 'accuracy': 0.5483870967741935, 'macro avg': {'precision': 0.5124875124875125, 'recall': 0.5124875124875125, 'f1-score': 0.5124875124875125, 'support': 31.0}, 'weighted avg': {'precision': 0.5483870967741935, 'recall': 0.5483870967741935, 'f1-score': 0.5483870967741935, 'support': 31.0}}[[8 2 3]
 [4 2 1]
 [1 3 7]]{'0': {'precision': 0.6666666666666666, 'recall': 0.6153846153846154, 'f1-score': 0.64, 'support': 13.0}, '1': {'precision': 0.16666666666666666, 'recall': 0.14285714285714285, 'f1-score': 0.15384615384615385, 'support': 7.0}, '2': {'precision': 0.5384615384615384, 'recall': 0.6363636363636364, 'f1-score': 0.5833333333333334, 'support': 11.0}, 'accuracy': 0.5161290322580645, 'macro avg': {'precision': 0.45726495726495725, 'recall': 0.46486846486846484, 'f1-score': 0.4590598290598291, 'support': 31.0}, 'weighted avg': {'precision': 0.5082712985938792, 'recall': 0.5161290322580645, 'f1-score': 0.5101157981803144, 'support': 31.0}}[[8 2 3]
 [3 1 3]
 [1 3 7]]{'0': {'precision': 0.6666666666666666, 'recall': 0.6153846153846154, 'f1-score': 0.64, 'support': 13.0}, '1': {'precision': 0.2857142857142857, 'recall': 0.2857142857142857, 'f1-score': 0.2857142857142857, 'support': 7.0}, '2': {'precision': 0.5833333333333334, 'recall': 0.6363636363636364, 'f1-score': 0.6086956521739131, 'support': 11.0}, 'accuracy': 0.5483870967741935, 'macro avg': {'precision': 0.5119047619047619, 'recall': 0.5124875124875125, 'f1-score': 0.5114699792960663, 'support': 31.0}, 'weighted avg': {'precision': 0.5510752688172043, 'recall': 0.5483870967741935, 'f1-score': 0.5488920056100982, 'support': 31.0}}[[8 2 3]
 [3 2 2]
 [1 3 7]]