{'0': {'precision': 0.2597402597402597, 'recall': 0.8, 'f1-score': 0.39215686274509803, 'support': 25.0}, '1': {'precision': 0.5384615384615384, 'recall': 0.13725490196078433, 'f1-score': 0.21875, 'support': 102.0}, '2': {'precision': 0.7955801104972375, 'recall': 0.9171974522292994, 'f1-score': 0.8520710059171598, 'support': 157.0}, 'accuracy': 0.6267605633802817, 'macro avg': {'precision': 0.5312606362330119, 'recall': 0.6181507847300279, 'f1-score': 0.4876592895540859, 'support': 284.0}, 'weighted avg': {'precision': 0.6560657069177807, 'recall': 0.6267605633802817, 'f1-score': 0.584125244709935, 'support': 284.0}}[[ 20   3   2]
 [ 53  14  35]
 [  4   9 144]]{'0': {'precision': 0.2564102564102564, 'recall': 0.8, 'f1-score': 0.3883495145631068, 'support': 25.0}, '1': {'precision': 0.5384615384615384, 'recall': 0.13725490196078433, 'f1-score': 0.21875, 'support': 102.0}, '2': {'precision': 0.8055555555555556, 'recall': 0.9235668789808917, 'f1-score': 0.8605341246290801, 'support': 157.0}, 'accuracy': 0.6302816901408451, 'macro avg': {'precision': 0.5334757834757835, 'recall': 0.6202739269805587, 'f1-score': 0.4892112130640623, 'support': 284.0}, 'weighted avg': {'precision': 0.6612871674491393, 'recall': 0.6302816901408451, 'f1-score': 0.5884686458832509, 'support': 284.0}}[[ 20   3   2]
 [ 55  14  33]
 [  3   9 145]]{'0': {'precision': 0.2564102564102564, 'recall': 0.8, 'f1-score': 0.3883495145631068, 'support': 25.0}, '1': {'precision': 0.5, 'recall': 0.12745098039215685, 'f1-score': 0.203125, 'support': 102.0}, '2': {'precision': 0.8, 'recall': 0.9171974522292994, 'f1-score': 0.8545994065281899, 'support': 157.0}, 'accuracy': 0.6232394366197183, 'macro avg': {'precision': 0.5188034188034188, 'recall': 0.6148828108738188, 'f1-score': 0.4820246403637656, 'support': 284.0}, 'weighted avg': {'precision': 0.6444023113037198, 'recall': 0.6232394366197183, 'f1-score': 0.5795760376373362, 'support': 284.0}}[[ 20   3   2]
 [ 55  13  34]
 [  3  10 144]]{'0': {'precision': 0.25316455696202533, 'recall': 0.8, 'f1-score': 0.38461538461538464, 'support': 25.0}, '1': {'precision': 0.5454545454545454, 'recall': 0.11764705882352941, 'f1-score': 0.1935483870967742, 'support': 102.0}, '2': {'precision': 0.7923497267759563, 'recall': 0.9235668789808917, 'f1-score': 0.8529411764705882, 'support': 157.0}, 'accuracy': 0.6232394366197183, 'macro avg': {'precision': 0.5303229430641757, 'recall': 0.6137379792681404, 'f1-score': 0.4770349827275823, 'support': 284.0}, 'weighted avg': {'precision': 0.656212622057181, 'recall': 0.6232394366197183, 'f1-score': 0.5748911436800631, 'support': 284.0}}[[ 20   2   3]
 [ 55  12  35]
 [  4   8 145]]{'0': {'precision': 0.25316455696202533, 'recall': 0.8, 'f1-score': 0.38461538461538464, 'support': 25.0}, '1': {'precision': 0.5416666666666666, 'recall': 0.12745098039215685, 'f1-score': 0.20634920634920634, 'support': 102.0}, '2': {'precision': 0.8011049723756906, 'recall': 0.9235668789808917, 'f1-score': 0.8579881656804734, 'support': 157.0}, 'accuracy': 0.6267605633802817, 'macro avg': {'precision': 0.5319787320014608, 'recall': 0.6170059531243496, 'f1-score': 0.48298425221502145, 'support': 284.0}, 'weighted avg': {'precision': 0.6596922344613875, 'recall': 0.6267605633802817, 'f1-score': 0.582278681953655, 'support': 284.0}}[[ 20   2   3]
 [ 56  13  33]
 [  3   9 145]]{'0': {'precision': 0.2564102564102564, 'recall': 0.8, 'f1-score': 0.3883495145631068, 'support': 25.0}, '1': {'precision': 0.52, 'recall': 0.12745098039215685, 'f1-score': 0.2047244094488189, 'support': 102.0}, '2': {'precision': 0.8011049723756906, 'recall': 0.9235668789808917, 'f1-score': 0.8579881656804734, 'support': 157.0}, 'accuracy': 0.6267605633802817, 'macro avg': {'precision': 0.5258384095953157, 'recall': 0.6170059531243496, 'f1-score': 0.4836873632307997, 'support': 284.0}, 'weighted avg': {'precision': 0.6521962573001402, 'recall': 0.6267605633802817, 'f1-score': 0.5820238367594772, 'support': 284.0}}[[ 20   3   2]
 [ 55  13  34]
 [  3   9 145]]{'0': {'precision': 0.25316455696202533, 'recall': 0.8, 'f1-score': 0.38461538461538464, 'support': 25.0}, '1': {'precision': 0.5652173913043478, 'recall': 0.12745098039215685, 'f1-score': 0.208, 'support': 102.0}, '2': {'precision': 0.7967032967032966, 'recall': 0.9235668789808917, 'f1-score': 0.855457227138643, 'support': 157.0}, 'accuracy': 0.6267605633802817, 'macro avg': {'precision': 0.5383617483232233, 'recall': 0.6170059531243496, 'f1-score': 0.4826908705846759, 'support': 284.0}, 'weighted avg': {'precision': 0.6657172726039143, 'recall': 0.6267605633802817, 'f1-score': 0.5814724270287027, 'support': 284.0}}[[ 20   2   3]
 [ 55  13  34]
 [  4   8 145]]{'0': {'precision': 0.25, 'recall': 0.8, 'f1-score': 0.38095238095238093, 'support': 25.0}, '1': {'precision': 0.5652173913043478, 'recall': 0.12745098039215685, 'f1-score': 0.208, 'support': 102.0}, '2': {'precision': 0.8011049723756906, 'recall': 0.9235668789808917, 'f1-score': 0.8579881656804734, 'support': 157.0}, 'accuracy': 0.6267605633802817, 'macro avg': {'precision': 0.5387741212266794, 'recall': 0.6170059531243496, 'f1-score': 0.48231351554428475, 'support': 284.0}, 'weighted avg': {'precision': 0.6678720231550243, 'recall': 0.6267605633802817, 'f1-score': 0.5825491251255066, 'support': 284.0}}[[ 20   2   3]
 [ 56  13  33]
 [  4   8 145]]{'0': {'precision': 0.24675324675324675, 'recall': 0.76, 'f1-score': 0.37254901960784315, 'support': 25.0}, '1': {'precision': 0.5, 'recall': 0.12745098039215685, 'f1-score': 0.203125, 'support': 102.0}, '2': {'precision': 0.8011049723756906, 'recall': 0.9235668789808917, 'f1-score': 0.8579881656804734, 'support': 157.0}, 'accuracy': 0.6232394366197183, 'macro avg': {'precision': 0.5159527397096458, 'recall': 0.6036726197910162, 'f1-score': 0.47788739509610556, 'support': 284.0}, 'weighted avg': {'precision': 0.644163069830333, 'recall': 0.6232394366197183, 'f1-score': 0.580058512331093, 'support': 284.0}}[[ 19   4   2]
 [ 55  13  34]
 [  3   9 145]]{'0': {'precision': 0.25316455696202533, 'recall': 0.8, 'f1-score': 0.38461538461538464, 'support': 25.0}, '1': {'precision': 0.5384615384615384, 'recall': 0.13725490196078433, 'f1-score': 0.21875, 'support': 102.0}, '2': {'precision': 0.8044692737430168, 'recall': 0.9171974522292994, 'f1-score': 0.8571428571428571, 'support': 157.0}, 'accuracy': 0.6267605633802817, 'macro avg': {'precision': 0.5320317897221934, 'recall': 0.6181507847300279, 'f1-score': 0.4868360805860806, 'support': 284.0}, 'weighted avg': {'precision': 0.6604009395238775, 'recall': 0.6267605633802817, 'f1-score': 0.5862651872775112, 'support': 284.0}}[[ 20   2   3]
 [ 56  14  32]
 [  3  10 144]]